pc	sdev
1	17.9817165416713
2	14.8102199331589
3	9.38925707266442
4	6.76448353348864
5	5.6310809689587
6	5.47448864412616
7	5.34483167214013
8	5.1947838746463
9	5.14429005935828
10	4.98410353275735
11	4.96931286746739
12	4.95846578674912
13	4.84392383655018
14	4.79097776555532
15	4.74727948961806
16	4.67266868901519
17	4.54868069953479
18	4.50990059910295
19	4.49394353903573
20	4.44208349960902
21	4.41869244260301
22	4.41231311430209
23	4.36898972743849
24	4.35317140924816
25	4.33325659651501
26	4.32335662650868
27	4.30063165451378
28	4.29154031791388
29	4.26305631095572
30	4.25873452976687
31	4.23107015781859
32	4.2119174039139
33	4.19866831455092
34	4.18420399215681
35	4.16818339268261
36	4.151094931211
37	4.14641234177085
38	4.13533150748869
39	4.13242023505318
40	4.12076474662947
41	4.10965686589142
42	4.10441326605683
43	4.09893267065303
44	4.0900943214394
45	4.08753440273053
46	4.08096026736672
47	4.07673120257625
48	4.07210270586474
49	4.06447194347562
50	4.05761285749398
51	4.05601521699599
52	4.04787486164995
53	4.04089393253829
54	4.03828708368273
55	4.03543886838725
56	4.03216643137347
57	4.03000476197299
58	4.02385381680171
59	4.01953773881546
60	4.01725910833318
61	4.01330918667291
62	4.00721704775138
63	4.0062111456884
64	4.00059964636821
65	3.99275819512992
66	3.99017178744145
67	3.98838926581196
68	3.98552999516649
69	3.97954537049243
70	3.97743410131481
71	3.97547246821667
72	3.9745463882278
73	3.97082895144817
74	3.96908026329302
75	3.96708189814699
76	3.96362730612131
77	3.96106528037626
78	3.95907653685051
79	3.95706181322682
80	3.95386973447684
81	3.95040626377437
82	3.94863654655275
83	3.94502475747131
84	3.94274465866874
85	3.94023585509665
86	3.93778422509026
87	3.93713165540752
88	3.93399527599621
89	3.93272226145291
90	3.92952679074802
91	3.92855044242383
92	3.9259462937146
93	3.92073488971759
94	3.91763034380708
95	3.91585983688678
96	3.91298111205329
97	3.91170384858733
98	3.91024348593083
99	3.90701115915605
100	3.90425329961187
101	3.90347799414354
102	3.90205703982318
103	3.9006037031648
104	3.89971882979238
105	3.89599950583145
106	3.89481675040631
107	3.89259683818816
108	3.89139163262202
109	3.88924112143771
110	3.88717371715988
111	3.88415405312896
112	3.88359847509246
113	3.88231648184516
114	3.88178432992371
115	3.87962894445794
116	3.87686328235942
117	3.87493570061694
118	3.87240617742347
119	3.87126242633338
120	3.87026273358247
121	3.86773898000324
122	3.8660924481892
123	3.86556495616937
124	3.86247744993573
125	3.8603515499055
126	3.85826812135322
127	3.85770731370836
128	3.85682556826391
129	3.85497849461288
130	3.85319636703345
131	3.85134213920047
132	3.84847375156863
133	3.84667337247734
134	3.84507463901326
135	3.84401722126419
136	3.84152090090296
137	3.83972514603572
138	3.83953007686969
139	3.83895161913522
140	3.83599529317922
141	3.8350810417031
142	3.83433935465879
143	3.83237575905865
144	3.83219580364783
145	3.82828974223196
146	3.82804065754954
147	3.82706529457267
148	3.8253242607647
149	3.82504203245631
150	3.82374991242288
151	3.82139088394732
152	3.81953579886591
153	3.81797133496958
154	3.81656629523691
155	3.81448463100748
156	3.81351447794112
157	3.81297075359275
158	3.81091244997696
159	3.80973677989745
160	3.80903023807262
161	3.80740003615958
162	3.80578855832285
163	3.80454234648287
164	3.80252714034467
165	3.80108665121309
166	3.80081582005526
167	3.79899223268828
168	3.79778131843076
169	3.79670353626304
170	3.79518618469021
171	3.79423462001561
172	3.79350815325887
173	3.79066632287066
174	3.78960924346253
175	3.78773802113924
176	3.7868281260103
177	3.78556080990314
178	3.78408481160625
179	3.78332285042201
180	3.7819596679562
181	3.78081436226412
182	3.78035572526333
183	3.77857704110328
184	3.77747568008142
185	3.77661263075153
186	3.77610805027127
187	3.77457840856862
188	3.77431506646811
189	3.77273777961431
190	3.77169376294709
191	3.77093545277838
192	3.76874945449678
193	3.76747444474163
194	3.76656358702437
195	3.76473509667472
196	3.76245986152257
197	3.76153863243224
198	3.76028339208732
199	3.75889586827398
200	3.75789810132512
201	3.75773564102205
202	3.75589133500908
203	3.7550120923163
204	3.75300894990305
205	3.75152868785252
206	3.75045237755292
207	3.74869251650862
208	3.74774228166746
209	3.74666455665975
210	3.74556502227651
211	3.74419619753056
212	3.74289296349931
213	3.74256957862654
214	3.74173743740301
215	3.74156951885503
216	3.73981141667275
217	3.73943021451588
218	3.73829409556405
219	3.73662059855954
220	3.73604243378029
221	3.73574551748196
222	3.7346701588329
223	3.73281792131655
224	3.73125117758813
225	3.72934267167735
226	3.72754263027001
227	3.72665866362474
228	3.72643109130293
229	3.72603358773555
230	3.72419840682363
231	3.72338343606275
232	3.72231849927496
233	3.72103453077732
234	3.72060273423022
235	3.71917909889734
236	3.71839294374951
237	3.71738597275254
238	3.71553511580758
239	3.71412397346177
240	3.71321243504492
241	3.71253709435413
242	3.7107439305292
243	3.70998386885021
244	3.70951466247083
245	3.70873795883493
246	3.7083942132618
247	3.70710323941951
248	3.70577531123167
249	3.70447164067017
250	3.70321216894976
251	3.7028395924062
252	3.70229621437301
253	3.70059811876544
254	3.69876367936066
255	3.69787919434506
256	3.69651880456512
257	3.6964497706246
258	3.69520377027249
259	3.69498974743929
260	3.6925949409614
261	3.69219965279193
262	3.69126366977555
263	3.69045978381457
264	3.6898911589884
265	3.68884233360064
266	3.68804075083783
267	3.68655504501087
268	3.68590897941041
269	3.68461497688874
270	3.68325090474074
271	3.68214556326871
272	3.68200956630503
273	3.68121021396726
274	3.68011815702765
275	3.67893879892338
276	3.67790544249351
277	3.67607886132668
278	3.67572534412821
279	3.67459211037274
280	3.67294468216514
281	3.67218182754459
282	3.67152775304004
283	3.67004037610221
284	3.66883834772008
285	3.66832958790586
286	3.66702992066492
287	3.66612647450474
288	3.66535799863732
289	3.66420438215573
290	3.66335040803641
291	3.66288250492013
292	3.66153016168815
293	3.66120515310957
294	3.66014554803413
295	3.65959459520089
296	3.65910513367071
297	3.65824790277217
298	3.65741925213972
299	3.65641642321608
300	3.65510680417914
301	3.65371289565299
302	3.6535001914754
303	3.65262946357835
304	3.651167682507
305	3.65040233505084
306	3.64919905638891
307	3.64760400522063
308	3.64666939519017
309	3.64663726345886
310	3.64586443045723
311	3.64460738893946
312	3.64334667744626
313	3.64252298995684
314	3.64217117075125
315	3.64109904061601
316	3.64098297426546
317	3.63902470633814
318	3.63821520451894
319	3.63770859372634
320	3.63745984220247
321	3.63648357284134
322	3.63550070213399
323	3.634802133689
324	3.63377772036551
325	3.63327838984194
326	3.63216994582448
327	3.63088930642479
328	3.63033330393729
329	3.62933110646694
330	3.62907509220141
331	3.62652985009994
332	3.62637211572642
333	3.62629106669772
334	3.6233935997613
335	3.6228157637097
336	3.62165700862375
337	3.6209951459706
338	3.62039272945016
339	3.61930945629322
340	3.61878242904725
341	3.61844581309281
342	3.61812151693486
343	3.61644315403788
344	3.61470242374315
345	3.61342870770695
346	3.6129104505941
347	3.61195771326001
348	3.61144907121947
349	3.61088412254733
350	3.61076630608273
351	3.60991229317868
352	3.60898860982587
353	3.60874958868482
354	3.60657709339199
355	3.60574541855122
356	3.60523368044084
357	3.60457585753314
358	3.60380666708984
359	3.60313172404914
360	3.60206675842569
361	3.60162008515733
362	3.60052980918394
363	3.59976252653019
364	3.59915179673895
365	3.59781117488799
366	3.5974456185522
367	3.59645422805223
368	3.59545438953024
369	3.59427044152903
370	3.59402763401396
371	3.59310064765201
372	3.59226955640719
373	3.59138856953468
374	3.5905751481391
375	3.58926627743938
376	3.58885081327779
377	3.58837837161704
378	3.5874225221241
379	3.58679427354126
380	3.58599619347435
381	3.58517482441061
382	3.58379881252494
383	3.58300750659094
384	3.58232986715792
385	3.58173795486294
386	3.58043728150151
387	3.57952843140998
388	3.57902725248926
389	3.57797547368813
390	3.57745866390263
391	3.57672271075892
392	3.57519716677913
393	3.57458593528457
394	3.57383623060333
395	3.57360505195907
396	3.57301147986359
397	3.57257795506065
398	3.57064590011166
399	3.57034516914309
400	3.56959089319405
401	3.5684752746075
402	3.56821273035222
403	3.56716730880426
404	3.56657920980695
405	3.56640446013038
406	3.56514093778092
407	3.56434036241485
408	3.56296074806552
409	3.56286503868184
410	3.5621670317522
411	3.56131626056828
412	3.56070783634983
413	3.55972697769077
414	3.55818842589217
415	3.5580297892042
416	3.55654662690316
417	3.55630841738882
418	3.55503725319852
419	3.55469329135121
420	3.55344740885382
421	3.55299040945669
422	3.55214542585603
423	3.55134157010301
424	3.55039360284435
425	3.55016270776654
426	3.54881933803066
427	3.54830660160624
428	3.54787378544843
429	3.54656585501917
430	3.54578265558303
431	3.54562115788523
432	3.54500349078582
433	3.54444624907879
434	3.54353241477874
435	3.54302791584465
436	3.54301890311707
437	3.54194467038883
438	3.53999238982765
439	3.53938744302686
440	3.53875752897772
441	3.53827885103041
442	3.53788795882157
443	3.53682997877162
444	3.53627855158356
445	3.5356184140279
446	3.53510381456777
447	3.5341921227273
448	3.53315388053935
449	3.53286113647936
450	3.53184171575492
451	3.5312884575198
452	3.53069495438676
453	3.53025964599426
454	3.52876635570587
455	3.52812676988151
456	3.52794086197552
457	3.52759919348406
458	3.52672208526575
459	3.52576949447596
460	3.52488116242009
461	3.52440263994767
462	3.52430605515673
463	3.52290779554648
464	3.52216952357512
465	3.52111727739459
466	3.51998960362225
467	3.51937483704865
468	3.51890864574644
469	3.5182039103659
470	3.51759667889979
471	3.51729289360485
472	3.51631877435624
473	3.51546427901551
474	3.51443042379572
475	3.5139860942447
476	3.51280896733539
477	3.51252403410491
478	3.51176084346003
479	3.5111933105702
480	3.51033159531714
481	3.50891994550217
482	3.50865936494372
483	3.50799883024665
484	3.50711385259025
485	3.50617141970616
486	3.50592440113167
487	3.50558291145543
488	3.50462849293815
489	3.50407783962836
490	3.50398080853667
491	3.50320423016487
492	3.50261152804874
493	3.50195662479602
494	3.50084704637506
495	3.49992284346061
496	3.49889385187509
497	3.49798347956192
498	3.49758338306439
499	3.49700315166961
500	3.49594667247864
501	3.4949700304289
502	3.49460833858104
503	3.49443865713389
504	3.49377280359925
505	3.493186189456
506	3.4926750784084
507	3.49198272852536
508	3.49130419641572
509	3.49013384144202
510	3.48971628707945
511	3.48918195661759
512	3.48751838747954
513	3.48714294851346
514	3.48674674222052
515	3.48581939872622
516	3.48494735576397
517	3.48450631786905
518	3.48373264722857
519	3.48258198215927
520	3.48207439208869
521	3.48191296400673
522	3.48058174683773
523	3.47987154662193
524	3.4793517715107
525	3.47803167251945
526	3.47767083414896
527	3.47689964772771
528	3.47634516491828
529	3.47577115127413
530	3.4742035272863
531	3.47387151814867
532	3.47340181728191
533	3.47322051498304
534	3.47203525192112
535	3.47157491903998
536	3.47079835257756
537	3.46938818210287
538	3.4689666625338
539	3.4684229255361
540	3.4680594256836
541	3.46725870128305
542	3.46634544511986
543	3.46572570887118
544	3.46521176695597
545	3.46497833358972
546	3.4644691092575
547	3.46355711251224
548	3.4630276545715
549	3.46235159945932
550	3.46209874943135
551	3.46130909707598
552	3.46088484093668
553	3.46016775288466
554	3.45939029072932
555	3.45817405516919
556	3.45777366198242
557	3.45678438449608
558	3.45622094415832
559	3.45579765107271
560	3.45522151270612
561	3.45418796973261
562	3.45314184430086
563	3.45308383541772
564	3.45216047212276
565	3.45108081653263
566	3.45079734009276
567	3.45020643618742
568	3.44956457593476
569	3.4480553762333
570	3.4474889426715
571	3.44738103178021
572	3.44680105540154
573	3.44595954341501
574	3.4456892043037
575	3.444370449835
576	3.44319977046763
577	3.44302578147893
578	3.44226212638667
579	3.44219720267263
580	3.44149716546107
581	3.44095795032662
582	3.43987594746713
583	3.43969175314511
584	3.43911795836647
585	3.43776161828882
586	3.43705114493401
587	3.43628022952093
588	3.43588928845506
589	3.43538768324953
590	3.43531620141944
591	3.43410754850108
592	3.43300422141916
593	3.43260578118702
594	3.43231045168104
595	3.43171822626976
596	3.43066646373345
597	3.43011894065944
598	3.42939793282392
599	3.42877696197674
600	3.42844655533987
601	3.42751908862839
602	3.42671402097418
603	3.42592832093474
604	3.42486444106781
605	3.4243610560959
606	3.42366691552302
607	3.42261069347318
608	3.42236547650307
609	3.42217909317388
610	3.42129319587336
611	3.42047785698724
612	3.4202316052297
613	3.4190332681753
614	3.41818480934143
615	3.41805093977333
616	3.4179075971786
617	3.41627066017161
618	3.41582382622861
619	3.41489565483677
620	3.4147230903744
621	3.41422646816351
622	3.41379527611557
623	3.4128370923922
624	3.41237723760234
625	3.41116906778086
626	3.41077174373893
627	3.41011593827062
628	3.409917780057
629	3.40956442908831
630	3.40906942292271
631	3.40832072164991
632	3.40750965443838
633	3.40684970042128
634	3.40648651857387
635	3.40585532967584
636	3.40489947058276
637	3.40413973767421
638	3.40334049991031
639	3.40297633965257
640	3.40203497458501
641	3.40154654972728
642	3.40139469432918
643	3.40003558033249
644	3.39943735944159
645	3.39908919080691
646	3.39877119030794
647	3.3981851134183
648	3.39720846469582
649	3.39699455022573
650	3.39605115952224
651	3.39581495508976
652	3.39559734146454
653	3.3938623532134
654	3.39342325114764
655	3.39306901263633
656	3.39247153190334
657	3.39169984385028
658	3.39083277246413
659	3.39054390602628
660	3.38986734827095
661	3.38918482886302
662	3.38905735056866
663	3.38786410619567
664	3.38714292793425
665	3.38635720511343
666	3.38608016710845
667	3.38556400264265
668	3.38548651315172
669	3.3839336280711
670	3.38320838635213
671	3.38268028043862
672	3.38209291592473
673	3.38136565823286
674	3.38106312361065
675	3.38062382079213
676	3.38021509810005
677	3.37927553674591
678	3.37888219050026
679	3.37849882905335
680	3.37790404940487
681	3.37725534699055
682	3.37566132439259
683	3.37516491628424
684	3.37472856698275
685	3.37447668922919
686	3.37406025809935
687	3.37315942549148
688	3.37257786709355
689	3.37209120796812
690	3.3714108009279
691	3.37048435211123
692	3.36936217460686
693	3.36922803146174
694	3.36843247521909
695	3.36815204933875
696	3.36792298003441
697	3.36660819241393
698	3.36603149513844
699	3.36556041602752
700	3.36533415440865
701	3.36459303901644
702	3.36389601189843
703	3.36359118409113
704	3.36325815671042
705	3.36306562713013
706	3.36145471498646
707	3.36066884573746
708	3.36063253655363
709	3.35983666407462
710	3.35960951821878
711	3.35877243234268
712	3.35795260225805
713	3.35705567058806
714	3.35625576282815
715	3.35617070089988
716	3.35501921113689
717	3.35436782778218
718	3.35370975197434
719	3.35324199141997
720	3.35267042850094
721	3.3517264673694
722	3.35145952128879
723	3.35096863939655
724	3.35039819139575
725	3.34971699300735
726	3.34910706484891
727	3.3485903955791
728	3.34813398206586
729	3.34706880754533
730	3.3463674735084
731	3.34602730897509
732	3.3451953088091
733	3.34461556489366
734	3.34420736396489
735	3.34388549418923
736	3.34341517385287
737	3.34325948817032
738	3.34276232509447
739	3.34164473997149
740	3.34098846810809
741	3.34039752774238
742	3.33950405339709
743	3.33895587159565
744	3.33868187757874
745	3.33757391775878
746	3.337134678568
747	3.33666969585938
748	3.33615291066251
749	3.3358198095082
750	3.33567579692176
751	3.33493590084603
752	3.3347148880637
753	3.33349642135143
754	3.33259343440644
755	3.3324499435319
756	3.33177973531376
757	3.33158660227727
758	3.3309306392538
759	3.33001111567926
760	3.32992335702995
761	3.32864145371226
762	3.32797594350283
763	3.3270684193368
764	3.32674571962107
765	3.326164176785
766	3.32569633340655
767	3.32453405572431
768	3.32407638555488
769	3.3235610104233
770	3.32296243078878
771	3.32219251473009
772	3.32202707355796
773	3.32135241041441
774	3.32078584656164
775	3.32049757225557
776	3.31991855127746
777	3.31897467108671
778	3.31838434055853
779	3.31786441704279
780	3.31771682168184
781	3.31682350745652
782	3.3164453510598
783	3.31537614817062
784	3.31466407371482
785	3.31455156982002
786	3.31337231262085
787	3.31311748553689
788	3.31270975852399
789	3.31214106802782
790	3.31169616687922
791	3.31110854162161
792	3.3103677524725
793	3.30983891691306
794	3.30862671036401
795	3.30825446223704
796	3.30744501090111
797	3.30648070115652
798	3.30607556014617
799	3.30583144005561
800	3.30512636952048
801	3.30474633997137
802	3.30423251076787
803	3.30375003323014
804	3.30289105177345
805	3.30253212305839
806	3.30230017897725
807	3.30127630754447
808	3.30083554475722
809	3.29992901539714
810	3.29902536049588
811	3.29832877349034
812	3.29802686051436
813	3.29714992294543
814	3.29658903958162
815	3.29585585934049
816	3.29556847191496
817	3.29481905093681
818	3.29375982629149
819	3.29352816746386
820	3.29248540015896
821	3.29209155488989
822	3.29182247716127
823	3.29120668532263
824	3.29069687973448
825	3.2903183905307
826	3.29026699168364
827	3.28967345667474
828	3.28915937662551
829	3.28865326343002
830	3.28790978368391
831	3.28727490556925
832	3.28721914529944
833	3.2864758453138
834	3.28605031663004
835	3.28498665798461
836	3.28437189093268
837	3.28311233597687
838	3.28239002484318
839	3.28186775604087
840	3.28176266157742
841	3.28160737385232
842	3.28135495329777
843	3.28061856664856
844	3.27980489229585
845	3.27872902433748
846	3.27825039817329
847	3.27783315748985
848	3.27702591338739
849	3.27636636598173
850	3.27584580816769
851	3.27508693639107
852	3.27470738886066
853	3.27437745936234
854	3.2735047186136
855	3.27298643556445
856	3.27264046570822
857	3.27226380437629
858	3.27152375904679
859	3.27073009157695
860	3.2703867126849
861	3.26991105387221
862	3.26941078503916
863	3.26888262751636
864	3.26772787304183
865	3.2675036921265
866	3.26707144048575
867	3.266272709264
868	3.26591758851812
869	3.26495482734727
870	3.26437493894116
871	3.26391108290374
872	3.26319303737
873	3.26264484836584
874	3.26202893646619
875	3.26102729364078
876	3.26089315120946
877	3.26012253779557
878	3.25928967178592
879	3.25854411177359
880	3.25826933546244
881	3.25767931442863
882	3.25730261913924
883	3.25685790655769
884	3.25665703019482
885	3.25632116591743
886	3.25587857920034
887	3.25506726815553
888	3.254257614291
889	3.25385481720009
890	3.25346676215491
891	3.25279292307548
892	3.25266019521822
893	3.2521733602091
894	3.25159466873972
895	3.25081033346795
896	3.24979519661282
897	3.24904860713094
898	3.24888680468978
899	3.24800641930412
900	3.24729363265744
901	3.24689469880272
902	3.2464273495579
903	3.24557140834697
904	3.24468742789731
905	3.24392139701882
906	3.2437506239279
907	3.24309215638562
908	3.24269167393096
909	3.24207857077218
910	3.24157168807245
911	3.24060668351074
912	3.24035554404829
913	3.24029600120761
914	3.23942840551823
915	3.23883302801622
916	3.23873797437321
917	3.2379770532936
918	3.23760705099308
919	3.23647697554254
920	3.23591894787855
921	3.23546049364678
922	3.23524171007584
923	3.23474085071099
924	3.23363105466273
925	3.23324480872345
926	3.23263131724439
927	3.2323063582658
928	3.23201760478188
929	3.23154481028836
930	3.23065044045028
931	3.23031666460464
932	3.22976129309471
933	3.22937889176217
934	3.22878051458255
935	3.22762170323108
936	3.22731237690028
937	3.22673300241099
938	3.2263153157005
939	3.2259318479747
940	3.22516384095078
941	3.22447430243007
942	3.22390468536794
943	3.22293250082164
944	3.22247619760276
945	3.22200339031832
946	3.22177718499876
947	3.22099939994472
948	3.22006417015616
949	3.21933788105365
950	3.21876130971167
951	3.21817810259227
952	3.21801540087637
953	3.21734403292642
954	3.21720863270254
955	3.21602897506912
956	3.21593424597761
957	3.21525403554894
958	3.2149426061611
959	3.21429328877182
960	3.21412161971312
961	3.21347493128838
962	3.21292067485543
963	3.21229475463647
964	3.21136203390868
965	3.21125772037242
966	3.21075898595207
967	3.2100176565469
968	3.20934261924667
969	3.20895404228465
970	3.20876967639345
971	3.20772039061099
972	3.20740092437451
973	3.2065096070227
974	3.20637574060174
975	3.20551367212408
976	3.20543602932869
977	3.20488734128278
978	3.20455459056555
979	3.20393304667246
980	3.20341965913756
981	3.20275788970643
982	3.20209501283957
983	3.20126638830263
984	3.20083270229049
985	3.20059993992968
986	3.19976064443893
987	3.19907734094392
988	3.19877761914615
989	3.19816554137175
990	3.19781532915475
991	3.19714962075333
992	3.19685829429478
993	3.19649390825131
994	3.1949995029093
995	3.19473750804706
996	3.1944436672864
997	3.1939442869604
998	3.19323660524068
999	3.19253509347579
1000	3.19243147973542
1001	3.19179497761763
1002	3.19095426546358
1003	3.19049508088522
1004	3.1894233925982
1005	3.18855047854967
1006	3.18832430084977
1007	3.18747334922726
1008	3.18735607132926
1009	3.186996199982
1010	3.18671661196802
1011	3.18662207694971
1012	3.1854320047137
1013	3.18475668653364
1014	3.18422250763859
1015	3.18345787898531
1016	3.18323683202584
1017	3.18258838819254
1018	3.18166494791763
1019	3.18149136532381
1020	3.18091524766265
1021	3.18041656428855
1022	3.17975998222558
1023	3.1795934186061
1024	3.178973174366
1025	3.17846867939543
1026	3.17784851792936
1027	3.17737934049351
1028	3.17675427723492
1029	3.17623416432859
1030	3.17595017766746
1031	3.17514904721489
1032	3.17498035262684
1033	3.17400384213131
1034	3.17304651072056
1035	3.1728166074403
1036	3.17236978394988
1037	3.17179254353949
1038	3.17133403967409
1039	3.1711522269308
1040	3.17034764441603
1041	3.16989080408039
1042	3.16926947779205
1043	3.16865415353613
1044	3.16751019167914
1045	3.16749635804748
1046	3.16704715314696
1047	3.16656432853938
1048	3.16592316109648
1049	3.1655982439945
1050	3.16488887653661
1051	3.16399144213875
1052	3.16368319339246
1053	3.16325734155081
1054	3.16273590490785
1055	3.16170272953075
1056	3.16155899466009
1057	3.16152391295901
1058	3.16041421473574
1059	3.15984863019794
1060	3.15925004405604
1061	3.15897536583231
1062	3.15850956700021
1063	3.15764549276538
1064	3.15725717967855
1065	3.15681539269081
1066	3.15635128240014
1067	3.15551838546132
1068	3.1552522700841
1069	3.15481785904488
1070	3.1540939446092
1071	3.15327313497981
1072	3.15301117258886
1073	3.15250281190908
1074	3.15214423950945
1075	3.15130380421474
1076	3.15086478412902
1077	3.15064426581198
1078	3.14998876739131
1079	3.14859521718248
1080	3.14807679357546
1081	3.14760906231984
1082	3.14670382991712
1083	3.14634671416056
1084	3.1456629681871
1085	3.14549259646128
1086	3.14467490189096
1087	3.14450079121472
1088	3.14444909094329
1089	3.14338062552455
1090	3.14304420927148
1091	3.14249564142918
1092	3.14220937217635
1093	3.141379189328
1094	3.14069117280219
1095	3.14017056452973
1096	3.13981312626273
1097	3.13924234076486
1098	3.13894165567802
1099	3.1385752440127
1100	3.13813724941192
1101	3.1367109234515
1102	3.13626663468138
1103	3.13527087411393
1104	3.1348611104986
1105	3.13473376899195
1106	3.13450311662342
1107	3.13413888402535
1108	3.13338057097661
1109	3.1328864581463
1110	3.13280248611907
1111	3.13201271072253
1112	3.13111568645773
1113	3.13108850939956
1114	3.13062803557977
1115	3.12985599592946
1116	3.12968389711079
1117	3.12916056095444
1118	3.12858426924862
1119	3.12790321946012
1120	3.12777586452133
1121	3.12684466835745
1122	3.12615456224328
1123	3.12561252299801
1124	3.12530950403077
1125	3.12513338138412
1126	3.12465169049049
1127	3.12342348826997
1128	3.12276699131821
1129	3.1223104765783
1130	3.1221442789545
1131	3.12163398169526
1132	3.12100785428329
1133	3.12010724896585
1134	3.11997503606783
1135	3.11936695931278
1136	3.11891824784858
1137	3.11842380745576
1138	3.11779157073139
1139	3.11748792489382
1140	3.11665315223528
1141	3.11584613267764
1142	3.11527128775298
1143	3.11429700892017
1144	3.11380632471736
1145	3.11343631052741
1146	3.11270271545751
1147	3.11227607532358
1148	3.11174456628043
1149	3.11145427943243
1150	3.11099471601159
1151	3.11064439945476
1152	3.10983899958265
1153	3.10932404195942
1154	3.10929679937863
1155	3.10857547988563
1156	3.1079394186058
1157	3.10730305515199
1158	3.10723422856582
1159	3.10645918330784
1160	3.10600804651268
1161	3.1054140914316
1162	3.10465228693131
1163	3.1038841972528
1164	3.10325686144001
1165	3.1029737523033
1166	3.10207220690706
1167	3.10186105723372
1168	3.10105846344495
1169	3.10053879329875
1170	3.10015883880223
1171	3.09981671713346
1172	3.09863560090645
1173	3.09835521569076
1174	3.09768328934291
1175	3.09743191591318
1176	3.09664261874309
1177	3.09606920855287
1178	3.0958069089285
1179	3.09474659795265
1180	3.09466286030756
1181	3.09429865814223
1182	3.09393490182711
1183	3.09313404143738
1184	3.09277238873544
1185	3.09221983795765
1186	3.09134291037991
1187	3.09099152563616
1188	3.09088613378453
1189	3.08965080812511
1190	3.08949392896513
1191	3.08877659790792
1192	3.08821527610457
1193	3.08780946657107
1194	3.08654754014513
1195	3.08642964680078
1196	3.08584911470175
1197	3.08566387938223
1198	3.0854873960053
1199	3.08441871685017
1200	3.08384795218461
1201	3.0832892353772
1202	3.08285528911651
1203	3.08239568577381
1204	3.08227463551112
1205	3.08171902336163
1206	3.08131610619584
1207	3.08063258600176
1208	3.07987568563101
1209	3.07968339754073
1210	3.07902890402436
1211	3.07831961751962
1212	3.07784018630674
1213	3.07680393532454
1214	3.07671507860911
1215	3.0763948210026
1216	3.07605474563321
1217	3.07487700412588
1218	3.0745734285937
1219	3.07430819052831
1220	3.07369844509122
1221	3.07289961662812
1222	3.07234818789656
1223	3.07217049728136
1224	3.07170610807475
1225	3.07100181511723
1226	3.06989551551107
1227	3.0697243275759
1228	3.06927260762194
1229	3.06878944435887
1230	3.06825278689032
1231	3.06795326898802
1232	3.06703282718636
1233	3.06695671507053
1234	3.06620028008156
1235	3.06616707700296
1236	3.06513321375381
1237	3.06483740680803
1238	3.06454550285496
1239	3.0638836156254
1240	3.06344261909459
1241	3.06216332132671
1242	3.06173889130367
1243	3.06158144976073
1244	3.06116437702228
1245	3.06013205446344
1246	3.05983933082509
1247	3.05916791482279
1248	3.05881243505678
1249	3.05859596631786
1250	3.05768894310852
1251	3.05704060787434
1252	3.05625310945613
1253	3.05574553951355
1254	3.05540766438275
1255	3.05487405700763
1256	3.05461999294995
1257	3.05445727251673
1258	3.05355297352604
1259	3.0526532754518
1260	3.05190074752025
1261	3.0516201469084
1262	3.05084773776656
1263	3.05037882018633
1264	3.05000737528421
1265	3.04980170357661
1266	3.04868305720432
1267	3.04821566080212
1268	3.04741734903543
1269	3.04712767673393
1270	3.04655574232868
1271	3.04600464466921
1272	3.04536033923063
1273	3.04514579909521
1274	3.04507206276148
1275	3.04442575513346
1276	3.04373921770626
1277	3.04306851316017
1278	3.04284023308777
1279	3.04207603875302
1280	3.04161649282966
1281	3.04101246547937
1282	3.04066899285833
1283	3.0396989781232
1284	3.03898358283133
1285	3.03832198821898
1286	3.03824433427138
1287	3.03789372958909
1288	3.03766752960862
1289	3.0370092537247
1290	3.03588391750044
1291	3.03564278637798
1292	3.03484083841648
1293	3.03455469456624
1294	3.03385115435927
1295	3.03319293637874
1296	3.03300487662698
1297	3.03229987200274
1298	3.03194643594341
1299	3.03137504903715
1300	3.03113405279818
1301	3.03015148315921
1302	3.02968846745115
1303	3.02863015013849
1304	3.02792575987715
1305	3.02734776330849
1306	3.02722083944169
1307	3.02662184402763
1308	3.02623569414945
1309	3.02594226563474
1310	3.02543512354104
1311	3.02517208499091
1312	3.02436882980277
1313	3.02373892278948
1314	3.02343568743917
1315	3.0229127291751
1316	3.02238921651779
1317	3.02227286711467
1318	3.02150496958078
1319	3.02103856089128
1320	3.02037381185921
1321	3.0191714635554
1322	3.01878782025898
1323	3.01851759728107
1324	3.01766326103793
1325	3.01725521174625
1326	3.01704741168799
1327	3.01600167378594
1328	3.01552757081538
1329	3.01548523020083
1330	3.01522840460442
1331	3.01413864587449
1332	3.01369980347042
1333	3.01312323684942
1334	3.01258544856812
1335	3.01236914288496
1336	3.01194861508804
1337	3.01130176601411
1338	3.01091094607611
1339	3.01011168091007
1340	3.009566252378
1341	3.00932504720793
1342	3.00815060370483
1343	3.00776316151376
1344	3.00688564420164
1345	3.00677706248241
1346	3.00647955904459
1347	3.00581417643805
1348	3.00515498849841
1349	3.00431015950006
1350	3.00407816761848
1351	3.00369725067963
1352	3.00273194627764
1353	3.0026546026598
1354	3.00191691950229
1355	3.00145323776122
1356	3.00079880127204
1357	2.99997493602146
1358	2.99963390393584
1359	2.99942119547186
1360	2.99907217210474
1361	2.99890122596214
1362	2.99795069302093
1363	2.99746841908421
1364	2.99689780037588
1365	2.99645346947289
1366	2.99595476932802
1367	2.99484538701375
1368	2.99460978744075
1369	2.99395391330087
1370	2.99331504060594
1371	2.99304044694273
1372	2.9923848124029
1373	2.99194157962552
1374	2.99116149400486
1375	2.99051359876035
1376	2.98991742784932
1377	2.98967871686875
1378	2.98920657590182
1379	2.98890158108732
1380	2.9882647974291
1381	2.9870357102709
1382	2.98674202190966
1383	2.98616837099275
1384	2.98580704392255
1385	2.98542380385965
1386	2.98495427316714
1387	2.98418257708304
1388	2.98378835209207
1389	2.98318831303035
1390	2.98269296890814
1391	2.9823471602968
1392	2.98187617702823
1393	2.98142272466063
1394	2.98123305362342
1395	2.9807627851953
1396	2.97989649529458
1397	2.9793590574643
1398	2.97877557888615
1399	2.97843032609906
1400	2.97801676141375
1401	2.97716284894075
1402	2.97682910801533
1403	2.97617909517202
1404	2.97498311948483
1405	2.97435202317244
1406	2.97393611345688
1407	2.97320631670518
1408	2.97287049401548
1409	2.97262373005546
1410	2.97165832299008
1411	2.97144184121221
1412	2.97141276225492
1413	2.97102657957862
1414	2.97000977824921
1415	2.96977664251522
1416	2.96950455468152
1417	2.96870812261715
1418	2.96809842521454
1419	2.96772244004124
1420	2.96734705025558
1421	2.96679516348899
1422	2.96611459266929
1423	2.96601209020111
1424	2.96501380146612
1425	2.96480305707172
1426	2.96441353646075
1427	2.96406761552326
1428	2.96332023887679
1429	2.96325098444192
1430	2.96238653762723
1431	2.9618969301454
1432	2.96151894533125
1433	2.96080019740932
1434	2.96046978726527
1435	2.96006208788065
1436	2.95897508614033
1437	2.95848437808229
1438	2.95825776411342
1439	2.95769401106355
1440	2.95708928249837
1441	2.95624093728145
1442	2.95518245223887
1443	2.95498214675628
1444	2.95455126568732
1445	2.95385895010245
1446	2.9531849707055
1447	2.95251511112954
1448	2.95223736844338
1449	2.95179876784502
1450	2.95125214350396
1451	2.9511471599016
1452	2.95048577813336
1453	2.94994016386928
1454	2.94936297693212
1455	2.94870023675467
1456	2.94800699603067
1457	2.94787169979889
1458	2.94742328402332
1459	2.94650729167747
1460	2.94622071014786
1461	2.94598146308158
1462	2.9458705601563
1463	2.9446357916162
1464	2.94422179283533
1465	2.94413575897169
1466	2.94373968213079
1467	2.94272490648431
1468	2.94202798673648
1469	2.94176646342385
1470	2.94069945915039
1471	2.94051068034509
1472	2.94008168055788
1473	2.93969043139859
1474	2.93878138484271
1475	2.93819202197061
1476	2.93739402112523
1477	2.93711578471371
1478	2.93666493932821
1479	2.93582661741742
1480	2.93558712075043
1481	2.93470606809186
1482	2.93421506084298
1483	2.93388804714876
1484	2.9326700449944
1485	2.93264639514515
1486	2.93181906125167
1487	2.93172100664916
1488	2.93116002017676
1489	2.93033599446696
1490	2.92972265883666
1491	2.92949501776195
1492	2.92893239931724
1493	2.92868177245289
1494	2.92785344029866
1495	2.92718452804269
1496	2.92607976873215
1497	2.92582419987102
1498	2.92508491929972
1499	2.92461984117534
1500	2.92449858894424
1501	2.92371451408257
1502	2.92329212867458
1503	2.92261380704248
1504	2.92194643155506
1505	2.92137882598456
1506	2.92102256744501
1507	2.92078611525174
1508	2.92035898549698
1509	2.91960399805846
1510	2.91905508940518
1511	2.91850166892323
1512	2.91798878852875
1513	2.91709070433774
1514	2.91669682048699
1515	2.91630334357461
1516	2.91603870331502
1517	2.91470475040662
1518	2.91461260057945
1519	2.91417328855286
1520	2.9131441478635
1521	2.91266988815302
1522	2.91188115873377
1523	2.91092818230177
1524	2.91067744171859
1525	2.91010462066814
1526	2.90953604022365
1527	2.90921456651893
1528	2.90856568306032
1529	2.90839347976586
1530	2.9077240846577
1531	2.90682192293068
1532	2.90662250955549
1533	2.90608158311353
1534	2.90571033929455
1535	2.90496586405954
1536	2.90457108722344
1537	2.90419911849518
1538	2.90377319452974
1539	2.90334795323659
1540	2.90246404806356
1541	2.901908282343
1542	2.90130306625647
1543	2.90115014064077
1544	2.90072995955078
1545	2.9002151139257
1546	2.89928244604156
1547	2.89898611379773
1548	2.89818428366484
1549	2.89797335651867
1550	2.89737627909991
1551	2.89720058393291
1552	2.89669105034795
1553	2.89637042479728
1554	2.89521122683028
1555	2.89455723192871
1556	2.89402679069672
1557	2.89391548452135
1558	2.8935173037413
1559	2.8928613728476
1560	2.89201695714288
1561	2.89135213257303
1562	2.89112040658053
1563	2.89062702278971
1564	2.89036709680562
1565	2.88992637330197
1566	2.88897539716971
1567	2.88845766332577
1568	2.88757610194545
1569	2.88736763523783
1570	2.88709464075558
1571	2.88584656176753
1572	2.88517800935495
1573	2.88462150767373
1574	2.88410735028226
1575	2.88373406229624
1576	2.88318224774607
1577	2.88233309073155
1578	2.88166312282591
1579	2.8811759652809
1580	2.88093507869971
1581	2.88048610998444
1582	2.88041532010249
1583	2.87968467269566
1584	2.87838121116931
1585	2.87788775995143
1586	2.87763767255376
1587	2.87681814530746
1588	2.876493198585
1589	2.87616969203277
1590	2.87547209138615
1591	2.87473473224587
1592	2.87415328800743
1593	2.87409530641497
1594	2.87349809309077
1595	2.87246217534149
1596	2.87233218878516
1597	2.87156698477518
1598	2.87074751859358
1599	2.87054482307733
1600	2.86943614216975
1601	2.86906883701465
1602	2.86868977169626
1603	2.86856462147031
1604	2.86781976881024
1605	2.86727112060103
1606	2.86648844129549
1607	2.86542676067961
1608	2.86532002841607
1609	2.86428418349115
1610	2.86403937752414
1611	2.86338698107771
1612	2.86291645574867
1613	2.86254551063719
1614	2.86142650829301
1615	2.86108513004802
1616	2.86090534741318
1617	2.86012867128903
1618	2.85904068835903
1619	2.8587772699447
1620	2.85797089923579
1621	2.85772134587837
1622	2.85692299288519
1623	2.85639397199283
1624	2.85585138595935
1625	2.85571945407511
1626	2.85492910821408
1627	2.85463248319149
1628	2.85357079152589
1629	2.85350633791153
1630	2.8522254773306
1631	2.852120652842
1632	2.85191181077902
1633	2.85132511386958
1634	2.85041052941973
1635	2.84994111472338
1636	2.84944219017631
1637	2.84889899335037
1638	2.84795309202833
1639	2.84783462208234
1640	2.8465598118341
1641	2.84609924393905
1642	2.845301158387
1643	2.84509392524827
1644	2.84471168101768
1645	2.84423553284791
1646	2.84324591581072
1647	2.84259386680621
1648	2.84210181761247
1649	2.84145328915031
1650	2.84032280040516
1651	2.83975608138692
1652	2.83938453104745
1653	2.8390317044402
1654	2.83828373931399
1655	2.83749070666728
1656	2.8374040995143
1657	2.83675034676148
1658	2.83617525364217
1659	2.83605405187178
1660	2.83526853269433
1661	2.83487230848993
1662	2.83388897590096
1663	2.83364366760094
1664	2.83289248179364
1665	2.83271100538665
1666	2.83172292579498
1667	2.83138902535813
1668	2.8308738109809
1669	2.8307485611443
1670	2.82995889497909
1671	2.82935189969955
1672	2.82865855157892
1673	2.82817790628496
1674	2.8275688362382
1675	2.82680227704882
1676	2.82649871823462
1677	2.82508731698652
1678	2.82430435052194
1679	2.82413712260524
1680	2.82348907466625
1681	2.82271055533216
1682	2.82217675981586
1683	2.82206936201227
1684	2.8216557720717
1685	2.82127796192785
1686	2.82081201842857
1687	2.81993084725294
1688	2.81936848448792
1689	2.81846330021404
1690	2.81801754968741
1691	2.81740389753875
1692	2.81700638478679
1693	2.81666239849669
1694	2.81586577201301
1695	2.8150661898051
1696	2.81484180630938
1697	2.81369232212926
1698	2.81330645933715
1699	2.81238991914164
1700	2.81217886280445
1701	2.81199672672996
1702	2.81164677863276
1703	2.81096598507795
1704	2.81068449960428
1705	2.80989984085847
1706	2.80909870962139
1707	2.80888668513879
1708	2.80797023212178
1709	2.80744801092515
1710	2.80706386050871
1711	2.80577170068569
1712	2.80560382226003
1713	2.80507798603142
1714	2.80453203359207
1715	2.80372708134111
1716	2.80339239414279
1717	2.80277480502044
1718	2.80120980672848
1719	2.80074300601708
1720	2.80066973301756
1721	2.80012192018628
1722	2.79940168432689
1723	2.79842811012168
1724	2.797979719604
1725	2.79704156901329
1726	2.79621901673718
1727	2.79598238176981
1728	2.79566932863143
1729	2.79415439297876
1730	2.79329282846283
1731	2.79275613415849
1732	2.79218824204986
1733	2.79165919272751
1734	2.79129378774585
1735	2.79010981013486
1736	2.78964893335769
1737	2.7893688913228
1738	2.7883875888512
1739	2.78815125167921
1740	2.78769625328908
1741	2.7872377917028
1742	2.78676408911557
1743	2.78623182078006
1744	2.78519103312766
1745	2.78498340734965
1746	2.78457671005076
1747	2.7837704538439
1748	2.78314631563792
1749	2.78218333092212
1750	2.78179842123676
1751	2.78121451251853
1752	2.78060997919813
1753	2.77927208188936
1754	2.77887340005149
1755	2.77777154916784
1756	2.77754438041639
1757	2.77685884011751
1758	2.77645884247963
1759	2.77596525714872
1760	2.77536488311539
1761	2.77517609509427
1762	2.77404681935358
1763	2.77347265338011
1764	2.77283545015958
1765	2.77228008455352
1766	2.77189322175454
1767	2.77125793237934
1768	2.77078796192753
1769	2.76987146127386
1770	2.76886707119108
1771	2.76871075526997
1772	2.76802301836317
1773	2.76754755496265
1774	2.76713514068733
1775	2.7665219577747
1776	2.76617625374923
1777	2.76607360035813
1778	2.76512289502104
1779	2.76407433906037
1780	2.76375649322462
1781	2.76334153602368
1782	2.76153712505119
1783	2.76138500631323
1784	2.76098545071228
1785	2.7601352044317
1786	2.760038908256
1787	2.75873429703772
1788	2.75844714473667
1789	2.75735023059145
1790	2.7566935478942
1791	2.7560965434788
1792	2.75579537368065
1793	2.7547582462858
1794	2.75435956060332
1795	2.75309408666999
1796	2.75262211040889
1797	2.75184940578657
1798	2.75100276136917
1799	2.75057344491668
1800	2.75011188346675
1801	2.74976421520359
1802	2.74947419017432
1803	2.74860114330331
1804	2.74790850328046
1805	2.74724500874969
1806	2.74710148010562
1807	2.74673612564421
1808	2.74560559864556
1809	2.74499155009935
1810	2.74377922051107
1811	2.74351453123082
1812	2.74336984427725
1813	2.74213753088515
1814	2.7415702811347
1815	2.74103644842435
1816	2.74021588746806
1817	2.73955673867716
1818	2.73931428556254
1819	2.73777409431859
1820	2.73731653464511
1821	2.73662351554993
1822	2.73537112932812
1823	2.73488388814627
1824	2.73442303347086
1825	2.73361112086375
1826	2.73286711291978
1827	2.73264719340948
1828	2.73158911422068
1829	2.73075802998047
1830	2.73030105769362
1831	2.72995759182055
1832	2.7294457660895
1833	2.72814660044462
1834	2.72721104387093
1835	2.72645446885701
1836	2.72621465858376
1837	2.72525515577134
1838	2.72423802710158
1839	2.72413333828848
1840	2.72322417167765
1841	2.72241637197414
1842	2.72108786233373
1843	2.72077941268802
1844	2.72016199632793
1845	2.71929013555053
1846	2.71904124857137
1847	2.71853325272759
1848	2.71784653745248
1849	2.71689265619214
1850	2.71658470887695
1851	2.71597672836456
1852	2.71517258752391
1853	2.71487571784723
1854	2.7147106902841
1855	2.71316400019952
1856	2.71264058032452
1857	2.7118862463629
1858	2.7113045815872
1859	2.71029610897129
1860	2.70983725680423
1861	2.7088905193593
1862	2.70824559534014
1863	2.70764035953915
1864	2.70696742457961
1865	2.70573781184278
1866	2.70527194635333
1867	2.70494900574728
1868	2.70399708829133
1869	2.70327071506027
1870	2.70277467653529
1871	2.70152577740843
1872	2.70134226180965
1873	2.70092703561018
1874	2.70031608352993
1875	2.69835979741524
1876	2.69790998541457
1877	2.69667426376483
1878	2.69647192939787
1879	2.6961568282291
1880	2.69476862618406
1881	2.69413996889503
1882	2.69390278099457
1883	2.6926415919649
1884	2.69207700613866
1885	2.69152014665046
1886	2.69101833265162
1887	2.69021648410697
1888	2.68974964574117
1889	2.68908918138443
1890	2.68819273847726
1891	2.68702814156444
1892	2.68691933851132
1893	2.68603451194519
1894	2.68555004138065
1895	2.68488388259993
1896	2.68320649256459
1897	2.68260842565231
1898	2.68243538910392
1899	2.6809886224679
1900	2.6804944591312
1901	2.68010215642646
1902	2.6786196058324
1903	2.67833130106434
1904	2.67781562805508
1905	2.67627259238153
1906	2.6755723611664
1907	2.67492262972791
1908	2.67409031778597
1909	2.67298540644749
1910	2.67280058297003
1911	2.67142829127216
1912	2.67035356870704
1913	2.67024063450075
1914	2.66955484353425
1915	2.6693410819771
1916	2.66766965201017
1917	2.66662573534645
1918	2.6660208920487
1919	2.66423928058964
1920	2.66393175473702
1921	2.66309669488617
1922	2.66248824975882
1923	2.6617005283625
1924	2.65956192966763
1925	2.6590771411883
1926	2.65826731869578
1927	2.65752344293276
1928	2.65691396502613
1929	2.6552639458323
1930	2.65395250988214
1931	2.65317489441561
1932	2.65240432054615
1933	2.65102724331163
1934	2.65045088376044
1935	2.64944005786984
1936	2.64866668367952
1937	2.64838598123551
1938	2.64729501034837
1939	2.64552537202534
1940	2.64523755036401
1941	2.64447681424036
1942	2.64391520912075
1943	2.64320944022043
1944	2.64173137895895
1945	2.64071595627398
1946	2.63958172152511
1947	2.63883260870264
1948	2.63787383511009
1949	2.63738339915393
1950	2.63567200470746
1951	2.63455669152363
1952	2.63368358803637
1953	2.63289906299081
1954	2.63261627920987
1955	2.63042558719494
1956	2.62945007880513
1957	2.62869472972228
1958	2.62742243963787
1959	2.62711816155654
1960	2.62563947046911
1961	2.62532019991164
1962	2.62438505361328
1963	2.62328325614795
1964	2.62197194483988
1965	2.62089523150149
1966	2.62060514249329
1967	2.61795742569532
1968	2.61683203386695
1969	2.61552441991114
1970	2.61396811961245
1971	2.61252406439959
1972	2.61116341169244
1973	2.60991255682929
1974	2.60780798566218
1975	2.60708905119484
1976	2.60504386208976
1977	2.60411326092155
1978	2.60276507133454
1979	2.60112235143802
1980	2.59959093984867
1981	2.59836679464581
1982	2.59713138997513
1983	2.59632754582027
1984	2.59385182362089
1985	2.59171348823486
1986	2.59070904690254
1987	2.58975248625243
1988	2.58912632165907
1989	2.58637178737289
1990	2.58361866952883
1991	2.5831861897909
1992	2.58036949901334
1993	2.57724565764795
1994	2.57369546521877
1995	2.56799778785471
1996	2.56775021051014
1997	2.56290657356062
1998	2.56150800295199
1999	2.55462539222766
2000	1.89161878873069e-12
